Year,Month,Region_ID,Revenue_Target,Profit_Target
2023,1,1,1049120.06,157368.01
2023,1,2,846165.7,126924.85
2023,1,3,850897.27,127634.59
2023,1,4,828755.16,124313.27
2023,1,5,1077434.43,161615.16
2023,1,6,997629.03,149644.35
2023,1,7,1047092.49,157063.87
2023,1,8,1151720.42,172758.06
2023,1,9,1096131.39,164419.71
2023,1,10,984689.17,147703.38
2023,1,11,1193742.4,179061.36
2023,1,12,982502.44,147375.37
2023,2,1,844980.27,126747.04
2023,2,2,1197061.9,179559.28
2023,2,3,809128.29,121369.24
2023,2,4,1019953.42,152993.01
2023,2,5,923638.2,138545.73
2023,2,6,1001420.86,150213.13
2023,2,7,1023485.18,153522.78
2023,2,8,896038.36,134405.75
2023,2,9,1022743.5,153411.53
2023,2,10,1102424.44,165363.67
2023,2,11,906603.93,135990.59
2023,2,12,953370.45,143005.57
2023,3,1,907297.08,136094.56
2023,3,2,1128223.89,169233.58
2023,3,3,1089992.9,163498.94
2023,3,4,1148478.57,172271.79
2023,3,5,868019.96,130202.99
2023,3,6,829431.86,124414.78
2023,3,7,847753.4,127163.01
2023,3,8,864407.33,129661.1
2023,3,9,1013233.06,151984.96
2023,3,10,1188364.83,178254.72
2023,3,11,942894.17,141434.12
2023,3,12,1183403.31,177510.5
2023,4,1,815280.32,122292.05
2023,4,2,1170748.88,175612.33
2023,4,3,872461.04,130869.16
2023,4,4,1164989.99,174748.5
2023,4,5,822490.97,123373.65
2023,4,6,1179287.78,176893.17
2023,4,7,880319.31,132047.9
2023,4,8,921085.62,138162.84
2023,4,9,996376.94,149456.54
2023,4,10,952288.35,142843.25
2023,4,11,1067011.19,160051.68
2023,4,12,1189923.11,178488.47
2023,5,1,1042570.6,156385.59
2023,5,2,1088594.16,163289.12
2023,5,3,835202.1,125280.32
2023,5,4,1051124.97,157668.75
2023,5,5,981539.91,147230.99
2023,5,6,1154312.94,173146.94
2023,5,7,955284.44,143292.67
2023,5,8,1071781.66,160767.25
2023,5,9,891261.49,133689.22
2023,5,10,903749.01,135562.35
2023,5,11,950448.97,142567.35
2023,5,12,921625.42,138243.81
2023,6,1,901551.54,135232.73
2023,6,2,819867.48,122980.12
2023,6,3,1134698.53,170204.78
2023,6,4,825720.61,123858.09
2023,6,5,1154946.21,173241.93
2023,6,6,850186.16,127527.92
2023,6,7,826104.69,123915.7
2023,6,8,1025201.91,153780.29
2023,6,9,1000976.72,150146.51
2023,6,10,996493.83,149474.07
2023,6,11,1029801.73,154470.26
2023,6,12,914822.64,137223.4
2023,7,1,1065179.71,159776.96
2023,7,2,1000960.89,150144.13
2023,7,3,933897.39,140084.61
2023,7,4,1130600.27,169590.04
2023,7,5,1091088.44,163663.27
2023,7,6,957444.14,143616.62
2023,7,7,1139047.11,170857.07
2023,7,8,1168103.3,175215.5
2023,7,9,1014746.51,152211.98
2023,7,10,885980.98,132897.15
2023,7,11,1166316.86,174947.53
2023,7,12,875791.85,131368.78
2023,8,1,819369.29,122905.39
2023,8,2,930994.8,139649.22
2023,8,3,1090786.54,163617.98
2023,8,4,1169309.63,175396.45
2023,8,5,1054914.26,158237.14
2023,8,6,1180735.42,177110.31
2023,8,7,836948.34,125542.25
2023,8,8,824301.49,123645.22
2023,8,9,1041676.78,156251.52
2023,8,10,1186446.53,177966.98
2023,8,11,1001088.52,150163.28
2023,8,12,820606.09,123090.91
2023,9,1,888487.46,133273.12
2023,9,2,897917.16,134687.57
2023,9,3,935142.85,140271.43
2023,9,4,817441.35,122616.2
2023,9,5,1161957.08,174293.56
2023,9,6,1006225.58,150933.84
2023,9,7,1068372.32,160255.85
2023,9,8,826869.13,124030.37
2023,9,9,821646.19,123246.93
2023,9,10,1034587.11,155188.07
2023,9,11,1154918.4,173237.76
2023,9,12,1011392.8,151708.92
2023,10,1,1151127.67,172669.15
2023,10,2,1124396.51,168659.48
2023,10,3,830341.51,124551.23
2023,10,4,880782.99,132117.45
2023,10,5,1063084.27,159462.64
2023,10,6,977400.55,146610.08
2023,10,7,916279.93,137441.99
2023,10,8,967453.54,145118.03
2023,10,9,978079.86,146711.98
2023,10,10,1164220.9,174633.14
2023,10,11,841383.31,126207.5
2023,10,12,911892.3,136783.84
2023,11,1,1015025.93,152253.89
2023,11,2,1079314.77,161897.22
2023,11,3,1052254.92,157838.24
2023,11,4,1176657.1,176498.56
2023,11,5,1118243.57,167736.54
2023,11,6,1022830.74,153424.61
2023,11,7,885873.08,132880.96
2023,11,8,980349.69,147052.45
2023,11,9,1077352.9,161602.93
2023,11,10,1135184.87,170277.73
2023,11,11,1183894.49,177584.17
2023,11,12,1042181.11,156327.17
2023,12,1,1010767.75,151615.16
2023,12,2,807076.77,121061.52
2023,12,3,828839.63,124325.94
2023,12,4,862442.0,129366.3
2023,12,5,821903.97,123285.6
2023,12,6,960345.3,144051.79
2023,12,7,934751.42,140212.71
2023,12,8,1054941.66,158241.25
2023,12,9,1014266.04,152139.91
2023,12,10,1038388.3,155758.25
2023,12,11,988790.88,148318.63
2023,12,12,911094.86,136664.23
2024,1,1,1181130.13,177169.52
2024,1,2,834563.66,125184.55
2024,1,3,1175556.4,176333.46
2024,1,4,924495.22,138674.28
2024,1,5,1005064.58,150759.69
2024,1,6,843536.93,126530.54
2024,1,7,828372.43,124255.86
2024,1,8,971818.18,145772.73
2024,1,9,1096678.95,164501.84
2024,1,10,907745.91,136161.89
2024,1,11,1024939.16,153740.87
2024,1,12,911460.14,136719.02
2024,2,1,955445.22,143316.78
2024,2,2,1162578.53,174386.78
2024,2,3,1142335.85,171350.38
2024,2,4,1006407.02,150961.05
2024,2,5,895242.25,134286.34
2024,2,6,877273.57,131591.03
2024,2,7,1181634.94,177245.24
2024,2,8,881086.64,132163.0
2024,2,9,1123267.32,168490.1
2024,2,10,947588.08,142138.21
2024,2,11,1194263.94,179139.59
2024,2,12,947262.3,142089.34
2024,3,1,940606.65,141091.0
2024,3,2,1054985.45,158247.82
2024,3,3,1184606.72,177691.01
2024,3,4,1190483.84,178572.58
2024,3,5,1082882.46,162432.37
2024,3,6,1101842.55,165276.38
2024,3,7,1025360.87,153804.13
2024,3,8,1102310.3,165346.54
2024,3,9,1143911.86,171586.78
2024,3,10,994438.12,149165.72
2024,3,11,1047944.91,157191.74
2024,3,12,1014926.68,152239.0
2024,4,1,1024988.25,153748.24
2024,4,2,1156019.16,173402.87
2024,4,3,942246.73,141337.01
2024,4,4,883273.61,132491.04
2024,4,5,982512.04,147376.81
2024,4,6,883234.08,132485.11
2024,4,7,999360.17,149904.03
2024,4,8,1161403.24,174210.49
2024,4,9,1046973.41,157046.01
2024,4,10,1142173.14,171325.97
2024,4,11,866476.37,129971.46
2024,4,12,1160349.44,174052.42
2024,5,1,1040714.87,156107.23
2024,5,2,812703.92,121905.59
2024,5,3,1053247.58,157987.14
2024,5,4,1180558.78,177083.82
2024,5,5,831666.8,124750.02
2024,5,6,1032982.45,154947.37
2024,5,7,1166191.44,174928.72
2024,5,8,803878.07,120581.71
2024,5,9,1052365.17,157854.78
2024,5,10,989960.92,148494.14
2024,5,11,938795.73,140819.36
2024,5,12,1051014.6,157652.19
2024,6,1,821080.84,123162.13
2024,6,2,1101225.22,165183.78
2024,6,3,801791.79,120268.77
2024,6,4,922774.3,138416.14
2024,6,5,1001583.46,150237.52
2024,6,6,950808.9,142621.34
2024,6,7,922990.37,138448.56
2024,6,8,1132334.06,169850.11
2024,6,9,1173933.03,176089.95
2024,6,10,1149485.07,172422.76
2024,6,11,1008972.53,151345.88
2024,6,12,1153665.67,173049.85
2024,7,1,1168344.63,175251.69
2024,7,2,963695.36,144554.3
2024,7,3,913378.34,137006.75
2024,7,4,839306.08,125895.91
2024,7,5,991636.77,148745.52
2024,7,6,1178518.77,176777.82
2024,7,7,1024363.01,153654.45
2024,7,8,1067024.84,160053.73
2024,7,9,845153.53,126773.03
2024,7,10,857407.87,128611.18
2024,7,11,985789.3,147868.4
2024,7,12,1180505.92,177075.89
2024,8,1,944313.86,141647.08
2024,8,2,1150993.62,172649.04
2024,8,3,848115.44,127217.32
2024,8,4,1046806.88,157021.03
2024,8,5,1040245.19,156036.78
2024,8,6,1143949.9,171592.49
2024,8,7,801326.68,120199.0
2024,8,8,875972.67,131395.9
2024,8,9,887875.05,133181.26
2024,8,10,1179986.44,176997.97
2024,8,11,861477.46,129221.62
2024,8,12,814784.94,122217.74
2024,9,1,1013784.6,152067.69
2024,9,2,1011423.38,151713.51
2024,9,3,1137618.79,170642.82
2024,9,4,1179543.86,176931.58
2024,9,5,1015418.18,152312.73
2024,9,6,1171997.67,175799.65
2024,9,7,1090063.66,163509.55
2024,9,8,905823.65,135873.55
2024,9,9,1171368.28,175705.24
2024,9,10,1066977.27,160046.59
2024,9,11,965638.37,144845.76
2024,9,12,1072096.83,160814.53
2024,10,1,960525.13,144078.77
2024,10,2,845673.51,126851.03
2024,10,3,1087591.5,163138.72
2024,10,4,1129635.04,169445.26
2024,10,5,1091522.48,163728.37
2024,10,6,891645.87,133746.88
2024,10,7,1182654.01,177398.1
2024,10,8,810101.82,121515.27
2024,10,9,933074.12,139961.12
2024,10,10,904036.97,135605.55
2024,10,11,819250.49,122887.57
2024,10,12,962291.88,144343.78
2024,11,1,1049245.94,157386.89
2024,11,2,1153021.15,172953.17
2024,11,3,1195875.89,179381.38
2024,11,4,1123235.83,168485.38
2024,11,5,987472.21,148120.83
2024,11,6,1089481.77,163422.27
2024,11,7,1137449.52,170617.43
2024,11,8,986122.88,147918.43
2024,11,9,1114021.77,167103.27
2024,11,10,993060.97,148959.15
2024,11,11,954598.4,143189.76
2024,11,12,1010436.34,151565.45
2024,12,1,1070341.9,160551.28
2024,12,2,1090752.82,163612.92
2024,12,3,942694.51,141404.18
2024,12,4,1028528.1,154279.22
2024,12,5,1163948.35,174592.25
2024,12,6,1190525.16,178578.77
2024,12,7,890899.24,133634.89
2024,12,8,877132.47,131569.87
2024,12,9,1070674.25,160601.14
2024,12,10,965873.55,144881.03
2024,12,11,809688.94,121453.34
2024,12,12,938744.75,140811.71
2025,1,1,1122697.9,168404.68
2025,1,2,1118970.77,167845.62
2025,1,3,997874.06,149681.11
2025,1,4,989031.17,148354.68
2025,1,5,1031802.98,154770.45
2025,1,6,887758.68,133163.8
2025,1,7,1010417.45,151562.62
2025,1,8,804418.54,120662.78
2025,1,9,990223.82,148533.57
2025,1,10,934420.42,140163.06
2025,1,11,1069947.84,160492.18
2025,1,12,1055341.43,158301.22
2025,2,1,952334.35,142850.15
2025,2,2,802909.19,120436.38
2025,2,3,900909.45,135136.42
2025,2,4,1053339.14,158000.87
2025,2,5,828949.34,124342.4
2025,2,6,843056.97,126458.55
2025,2,7,1058814.01,158822.1
2025,2,8,1102306.96,165346.04
2025,2,9,928619.88,139292.98
2025,2,10,995869.23,149380.38
2025,2,11,1178284.55,176742.68
2025,2,12,1178217.42,176732.61
2025,3,1,923001.11,138450.17
2025,3,2,1123995.15,168599.27
2025,3,3,1037577.62,155636.64
2025,3,4,1190193.8,178529.07
2025,3,5,991045.43,148656.81
2025,3,6,1109882.75,166482.41
2025,3,7,1107254.85,166088.23
2025,3,8,998973.15,149845.97
2025,3,9,1118252.05,167737.81
2025,3,10,904416.13,135662.42
2025,3,11,848901.21,127335.18
2025,3,12,970065.5,145509.82
2025,4,1,1177452.26,176617.84
2025,4,2,1000297.84,150044.68
2025,4,3,1054103.66,158115.55
2025,4,4,1049664.98,157449.75
2025,4,5,853029.15,127954.37
2025,4,6,956118.75,143417.81
2025,4,7,1082775.59,162416.34
2025,4,8,1188796.04,178319.41
2025,4,9,867207.1,130081.06
2025,4,10,964176.76,144626.51
2025,4,11,838037.52,125705.63
2025,4,12,896950.58,134542.59
2025,5,1,950703.74,142605.56
2025,5,2,1016257.3,152438.59
2025,5,3,892226.75,133834.01
2025,5,4,891025.06,133653.76
2025,5,5,1111131.99,166669.8
2025,5,6,1185056.67,177758.5
2025,5,7,929445.19,139416.78
2025,5,8,1075196.81,161279.52
2025,5,9,903232.18,135484.83
2025,5,10,1171180.9,175677.14
2025,5,11,1069160.94,160374.14
2025,5,12,1121070.74,168160.61
2025,6,1,819741.62,122961.24
2025,6,2,1039402.39,155910.36
2025,6,3,1011044.93,151656.74
2025,6,4,917198.76,137579.81
2025,6,5,904971.99,135745.8
2025,6,6,1032009.92,154801.49
2025,6,7,1082594.25,162389.14
2025,6,8,813269.1,121990.37
2025,6,9,1026960.63,154044.09
2025,6,10,868183.81,130227.57
2025,6,11,856145.09,128421.76
2025,6,12,1049247.8,157387.17
2025,7,1,924348.05,138652.21
2025,7,2,976352.09,146452.81
2025,7,3,943999.52,141599.93
2025,7,4,1059334.53,158900.18
2025,7,5,988047.91,148207.19
2025,7,6,1185383.46,177807.52
2025,7,7,940953.1,141142.97
2025,7,8,1096113.74,164417.06
2025,7,9,902917.03,135437.55
2025,7,10,1003501.24,150525.19
2025,7,11,1021027.9,153154.19
2025,7,12,931643.71,139746.56
2025,8,1,988712.21,148306.83
2025,8,2,911711.46,136756.72
2025,8,3,802400.31,120360.05
2025,8,4,886259.32,132938.9
2025,8,5,1080025.67,162003.85
2025,8,6,1108385.21,166257.78
2025,8,7,912081.15,136812.17
2025,8,8,963217.2,144482.58
2025,8,9,814946.26,122241.94
2025,8,10,894825.16,134223.77
2025,8,11,1111687.71,166753.16
2025,8,12,1042394.51,156359.18
2025,9,1,882308.21,132346.23
2025,9,2,902976.8,135446.52
2025,9,3,1126720.81,169008.12
2025,9,4,883633.68,132545.05
2025,9,5,933663.09,140049.46
2025,9,6,1065743.48,159861.52
2025,9,7,1024444.95,153666.74
2025,9,8,984348.08,147652.21
2025,9,9,1159896.44,173984.47
2025,9,10,887884.19,133182.63
2025,9,11,1096567.96,164485.19
2025,9,12,863625.54,129543.83
2025,10,1,1046293.53,156944.03
2025,10,2,1148249.43,172237.41
2025,10,3,983160.71,147474.11
2025,10,4,1089717.8,163457.67
2025,10,5,1128157.34,169223.6
2025,10,6,854410.57,128161.59
2025,10,7,1082330.76,162349.61
2025,10,8,1167936.41,175190.46
2025,10,9,1030548.24,154582.24
2025,10,10,874448.9,131167.33
2025,10,11,850777.01,127616.55
2025,10,12,903894.13,135584.12
2025,11,1,841405.31,126210.8
2025,11,2,1005357.63,150803.64
2025,11,3,827881.87,124182.28
2025,11,4,889361.85,133404.28
2025,11,5,975964.18,146394.63
2025,11,6,989565.9,148434.89
2025,11,7,1026159.39,153923.91
2025,11,8,1082245.99,162336.9
2025,11,9,818891.46,122833.72
2025,11,10,832248.38,124837.26
2025,11,11,824343.66,123651.55
2025,11,12,969260.13,145389.02
2025,12,1,816739.18,122510.88
2025,12,2,1098432.51,164764.88
2025,12,3,889200.07,133380.01
2025,12,4,1175685.0,176352.75
2025,12,5,994561.5,149184.23
2025,12,6,978530.3,146779.55
2025,12,7,1112215.48,166832.32
2025,12,8,1085261.59,162789.24
2025,12,9,1042923.62,156438.54
2025,12,10,1174058.68,176108.8
2025,12,11,968903.7,145335.56
2025,12,12,1123412.67,168511.9
2026,1,1,952037.18,142805.58
2026,1,2,1135338.27,170300.74
2026,1,3,903789.85,135568.48
2026,1,4,915706.83,137356.02
2026,1,5,1071147.81,160672.17
2026,1,6,885085.32,132762.8
2026,1,7,891661.67,133749.25
2026,1,8,922104.97,138315.75
2026,1,9,1071571.51,160735.73
2026,1,10,1155755.24,173363.29
2026,1,11,1069827.06,160474.06
2026,1,12,1131125.7,169668.85
2026,2,1,1017424.24,152613.64
2026,2,2,827569.29,124135.39
2026,2,3,840186.48,126027.97
2026,2,4,1021756.79,153263.52
2026,2,5,931120.39,139668.06
2026,2,6,888227.23,133234.08
2026,2,7,986502.77,147975.42
2026,2,8,1066598.7,159989.8
2026,2,9,953996.78,143099.52
2026,2,10,1121016.9,168152.54
2026,2,11,1095409.3,164311.39
2026,2,12,1093965.95,164094.89
2026,3,1,1194075.88,179111.38
2026,3,2,918091.99,137713.8
2026,3,3,1057890.23,158683.54
2026,3,4,1142191.34,171328.7
2026,3,5,1031809.77,154771.47
2026,3,6,1115800.87,167370.13
2026,3,7,965780.87,144867.13
2026,3,8,1036196.54,155429.48
2026,3,9,822266.56,123339.98
2026,3,10,1194307.04,179146.06
2026,3,11,1120007.39,168001.11
2026,3,12,1147523.63,172128.54
2026,4,1,1077717.71,161657.66
2026,4,2,874420.01,131163.0
2026,4,3,812411.38,121861.71
2026,4,4,1145862.64,171879.4
2026,4,5,958532.26,143779.84
2026,4,6,905545.95,135831.89
2026,4,7,1024669.18,153700.38
2026,4,8,968359.41,145253.91
2026,4,9,1060666.4,159099.96
2026,4,10,993517.29,149027.59
2026,4,11,1078893.26,161833.99
2026,4,12,1141369.31,171205.4
2026,5,1,878222.8,131733.42
2026,5,2,931773.15,139765.97
2026,5,3,974726.23,146208.94
2026,5,4,1184823.38,177723.51
2026,5,5,946133.45,141920.02
2026,5,6,952439.94,142865.99
2026,5,7,1061389.01,159208.35
2026,5,8,967679.88,145151.98
2026,5,9,1180489.5,177073.42
2026,5,10,1157787.5,173668.13
2026,5,11,1005363.51,150804.53
2026,5,12,1057910.09,158686.51
2026,6,1,823212.22,123481.83
2026,6,2,1078292.21,161743.83
2026,6,3,1082880.35,162432.05
2026,6,4,943679.72,141551.96
2026,6,5,887873.15,133180.97
2026,6,6,1166031.36,174904.7
2026,6,7,970681.96,145602.29
2026,6,8,1061482.44,159222.37
2026,6,9,813331.52,121999.73
2026,6,10,965626.87,144844.03
2026,6,11,1126903.52,169035.53
2026,6,12,955030.4,143254.56
2026,7,1,1041264.46,156189.67
2026,7,2,883942.32,132591.35
2026,7,3,966610.26,144991.54
2026,7,4,1171055.09,175658.26
2026,7,5,1026580.7,153987.1
2026,7,6,1160772.58,174115.89
2026,7,7,1160807.72,174121.16
2026,7,8,1177659.12,176648.87
2026,7,9,1158156.66,173723.5
2026,7,10,801312.45,120196.87
2026,7,11,1173605.96,176040.89
2026,7,12,854983.78,128247.57
2026,8,1,815970.5,122395.58
2026,8,2,822155.41,123323.31
2026,8,3,939566.48,140934.97
2026,8,4,1048321.63,157248.25
2026,8,5,960924.48,144138.67
2026,8,6,810221.71,121533.26
2026,8,7,990593.05,148588.96
2026,8,8,976852.3,146527.84
2026,8,9,1102739.71,165410.96
2026,8,10,911845.16,136776.77
2026,8,11,887012.47,133051.87
2026,8,12,902375.58,135356.34
2026,9,1,921495.93,138224.39
2026,9,2,1039665.95,155949.89
2026,9,3,988610.19,148291.53
2026,9,4,934757.83,140213.67
2026,9,5,949725.66,142458.85
2026,9,6,948369.46,142255.42
2026,9,7,1188962.68,178344.4
2026,9,8,893198.8,133979.82
2026,9,9,1127224.62,169083.69
2026,9,10,1083284.34,162492.65
2026,9,11,802228.0,120334.2
2026,9,12,1197270.49,179590.57
2026,10,1,1102575.75,165386.36
2026,10,2,1072979.83,160946.98
2026,10,3,962129.88,144319.48
2026,10,4,1022081.24,153312.19
2026,10,5,901308.36,135196.25
2026,10,6,814193.36,122129.0
2026,10,7,1134408.66,170161.3
2026,10,8,1158593.8,173789.07
2026,10,9,864988.25,129748.24
2026,10,10,1114822.44,167223.37
2026,10,11,1096461.07,164469.16
2026,10,12,871350.0,130702.5
2026,11,1,968731.52,145309.73
2026,11,2,969103.17,145365.48
2026,11,3,1103985.7,165597.86
2026,11,4,1135064.36,170259.65
2026,11,5,837910.05,125686.51
2026,11,6,1025187.69,153778.15
2026,11,7,1104699.4,165704.91
2026,11,8,1114476.24,167171.44
2026,11,9,859197.41,128879.61
2026,11,10,1010202.06,151530.31
2026,11,11,1143023.48,171453.52
2026,11,12,927407.43,139111.11
2026,12,1,970046.76,145507.01
2026,12,2,1121743.4,168261.51
2026,12,3,835727.81,125359.17
2026,12,4,1143797.32,171569.6
2026,12,5,924462.69,138669.4
2026,12,6,800580.13,120087.02
2026,12,7,893663.66,134049.55
2026,12,8,835800.26,125370.04
2026,12,9,836953.96,125543.09
2026,12,10,1077134.29,161570.14
2026,12,11,885590.53,132838.58
2026,12,12,1173896.95,176084.54
